word,frequency
the,6
on,5
of,4
and,3
research,3
to,3
time,2
you,2
about,1
accomplishments,1
actions,1
addressed,1
also,1
announced,1
aspect,1
bets,1
business,1
can,1
chip,1
development,1
dissolution,1
during,1
environmental,1
everyone,1
experimental,1
focus,1
from,1
group,1
hours,1
i,1
ibm,1
importance,1
improve,1
in,1
innovation,1
learned,1
long,1
monetizing,1
more,1
my,1
newly,1
office,1
our,1
partnering,1
partnership,1
placing,1
primarily,1
process,1
questions,1
reflect,1
reinforced,1
science,1
session,1
shared,1
take,1
taking,1
term,1
thank,1
their,1
think,1
this,1
thoughts,1
today,1
ufc,1
was,1
what,1
who,1
with,1
your,1
